<?xml version="1.0" encoding="UTF-8" standalone="yes"?>
<manifest>
  <control namespace="PowerApps.PCF.Controls" constructor="TreeView" version="0.0.1" display-name-key="TreeView" description-key="TreeView description" control-type="virtual" api-version="1.3.18">
    <external-service-usage enabled="false"/>
    <data-set name="items" display-name-key="Dataset_items">
      <property-set name="itemKey" display-name-key="itemKey" description-key="" of-type="SingleLine.Text" usage="bound" required="true"/>
      <property-set name="itemLabel" display-name-key="itemLabel" description-key="" of-type="SingleLine.Text" usage="bound" required="true"/>
      <property-set name="itemParentKey" display-name-key="itemParentKey" description-key="" of-type="SingleLine.Text" usage="bound" required="false"/>
      <property-set name="itemTooltip" display-name-key="itemTooltip" description-key="" of-type="SingleLine.Text" usage="bound" required="false"/>
    </data-set>
    <property name="buttonSize" display-name-key="buttonSize" description-key="buttonSizeDesc" of-type="Enum" usage="bound" required="true" default-value="small">
      <value name="small" display-name-key="small">small</value>
      <value name="medium" display-name-key="medium">medium</value>
      <value name="large" display-name-key="large">large</value>
    </property>
    <property name="treeSize" display-name-key="treeSize" description-key="treeSizeDesc" of-type="Enum" usage="bound" required="true" default-value="small">
      <value name="smallTree" display-name-key="smallTree">small</value>
      <value name="mediumTree" display-name-key="mediumTree">medium</value>
    </property>
    <property name="fontSize" display-name-key="fontSize" description-key="fontSizeDesc" of-type="SingleLine.Text" usage="bound" required="false" default-value="14"/>
    <resources>
      <code path="bundle.js" order="1"/>
      <platform-library name="React" version="16.14.0"/>
      <platform-library name="Fluent" version="9.46.2"/>
    </resources>
    <feature-usage/>
    <built-by name="pac" version="1.48.2"/>
  </control>
</manifest>