<?xml version="1.0" encoding="UTF-8" standalone="yes"?>
<manifest>
  <control namespace="PowerApps.PCF.Controls" constructor="DecryptedTextBox" version="0.0.1" display-name-key="DecryptedTextBox" description-key="DecryptedTextBox description" control-type="virtual" api-version="1.3.18">
    <external-service-usage enabled="false"/>
    <property name="label" display-name-key="Label" description-key="Label_Desc" of-type="SingleLine.Text" usage="input" required="false" default-value="Password"/>
    <property name="fontSize" display-name-key="FontSize" description-key="FontSize_Desc" of-type="Whole.None" usage="input" required="false" default-value="14"/>
    <property name="secretKey" display-name-key="SecretKey" description-key="SecretKey_Desc" of-type="SingleLine.Text" usage="input" required="true"/>
    <property name="encryptedText" display-name-key="EncryptedText" description-key="EncryptedText_Desc" of-type="SingleLine.Text" usage="input"/>
    <property name="InputIV" display-name-key="InputIV" description-key="InputIV_Desc" of-type="SingleLine.Text" usage="input"/>
    <property name="InputSalt" display-name-key="InputSalt" description-key="InputSalt_Desc" of-type="SingleLine.Text" usage="input"/>
    <property name="showInputValues" display-name-key="showInputValues" description-key="showInputValues_Desc" of-type="TwoOptions" usage="input" required="false" default-value="false"/>
    <resources>
      <code path="bundle.js" order="1"/>
      <platform-library name="React" version="16.14.0"/>
      <platform-library name="Fluent" version="9.46.2"/>
    </resources>
    <feature-usage/>
    <built-by name="pac" version="1.48.2"/>
  </control>
</manifest>