<?xml version="1.0" encoding="UTF-8" standalone="yes"?>
<manifest>
  <control namespace="PowerApps.PCF.Controls" constructor="EncryptedTextBox" version="0.0.2" display-name-key="EncryptedTextBox" description-key="EncryptedTextBox description" control-type="virtual" api-version="1.3.18">
    <external-service-usage enabled="false"/>
    <property name="IsPassword" display-name-key="IsPassword" description-key="IsPassword_Desc" of-type="TwoOptions" usage="input" required="false" default-value="true"/>
    <property name="label" display-name-key="Label" description-key="Label_Desc" of-type="SingleLine.Text" usage="input" required="false" default-value="Password"/>
    <property name="disabled" display-name-key="Disabled" description-key="Disabled_Desc" of-type="TwoOptions" usage="input" required="false" default-value="false"/>
    <property name="fontSize" display-name-key="FontSize" description-key="FontSize_Desc" of-type="Whole.None" usage="input" required="false" default-value="14"/>
    <property name="secretKey" display-name-key="SecretKey" description-key="SecretKey_Desc" of-type="SingleLine.Text" usage="input" required="true"/>
    <property name="showOutputValues" display-name-key="ShowOutputValues" description-key="ShowOutputValues_Desc" of-type="TwoOptions" usage="input" required="false" default-value="false"/>
    <property name="encryptedText" display-name-key="EncryptedText" description-key="EncryptedText_Desc" of-type="SingleLine.Text" usage="output"/>
    <property name="OutputIV" display-name-key="OutputIV" description-key="OutputIV_Desc" of-type="SingleLine.Text" usage="output"/>
    <property name="OutputSalt" display-name-key="OutputSalt" description-key="OutputSalt_Desc" of-type="SingleLine.Text" usage="output"/>
    <resources>
      <code path="bundle.js" order="1"/>
      <platform-library name="React" version="16.14.0"/>
      <platform-library name="Fluent" version="9.46.2"/>
    </resources>
    <feature-usage/>
    <built-by name="pac" version="1.48.2"/>
  </control>
</manifest>